num_objects,my_model_time_ms,my_model_mem_mb,renderformer_pretrained_time_ms,renderformer_pretrained_mem_mb,renderformer_custom_time_ms,renderformer_custom_mem_mb
1,10.807405090332031,314.85205078125,37.549163818359375,2554.03125,21.371775817871093,331.71826171875
5,10.6976318359375,347.33447265625,37.74105529785156,2559.25,21.437887573242186,446.30419921875
10,10.600492858886719,394.81103515625,37.770266723632815,2673.51416015625,21.831155395507814,619.98681640625
25,10.674630737304687,527.9287109375,69.68756713867188,3031.091796875,24.769541931152343,1218.298828125
50,10.746451568603515,755.1875,163.97733154296876,3626.49951171875,50.21962280273438,2212.81884765625
